,invoice_id,customer_id,invoice_date,billing_address,billing_city,billing_state,billing_country,billing_postal_code,total,billing_state_filled
0,1,18,2017-01-03,627 Broadway,New York,NY,USA,10012-2612,15.84,NY
1,2,30,2017-01-03,230 Elgin Street,Ottawa,ON,Canada,K2P 1L7,9.9,ON
2,3,40,2017-01-05,"8, Rue Hanovre",Paris,,France,75002,1.98,Unknown
3,4,18,2017-01-06,627 Broadway,New York,NY,USA,10012-2612,7.92,NY
4,5,27,2017-01-07,1033 N Park Ave,Tucson,AZ,USA,85719,16.83,AZ
5,6,31,2017-01-10,194A Chain Lake Drive,Halifax,NS,Canada,B3S 1C5,1.98,NS
6,7,49,2017-01-12,Ordynacka 10,Warsaw,,Poland,00-358,10.89,Unknown
7,8,59,2017-01-13,"3,Raj Bhavan Road",Bangalore,,India,560001,9.9,Unknown
8,9,18,2017-01-18,627 Broadway,New York,NY,USA,10012-2612,8.91,NY
9,10,31,2017-01-18,194A Chain Lake Drive,Halifax,NS,Canada,B3S 1C5,1.98,NS
10,11,38,2017-01-20,Barbarossastraße 19,Berlin,,Germany,10779,10.89,Unknown
11,12,42,2017-01-21,"9, Place Louis Barthou",Bordeaux,,France,33000,3.96,Unknown
12,13,35,2017-01-22,"Rua dos Campeões Europeus de Viena, 4350",Porto,,Portugal,Unknown,0.99,Unknown
13,14,25,2017-01-23,319 N. Frances Street,Madison,WI,USA,53703,0.99,WI
14,15,44,2017-01-25,Porthaninkatu 9,Helsinki,,Finland,00530,3.96,Unknown
15,16,1,2017-01-26,"Av. Brigadeiro Faria Lima, 2170",São José dos Campos,SP,Brazil,12227-000,8.91,SP
16,17,20,2017-01-28,541 Del Medio Avenue,Mountain View,CA,USA,94040-111,10.89,CA
17,18,24,2017-02-02,162 E Superior Street,Chicago,IL,USA,60611,4.95,IL
18,19,10,2017-02-06,"Rua Dr. Falcão Filho, 155",São Paulo,SP,Brazil,01007-010,6.93,SP
19,20,43,2017-02-06,"68, Rue Jouvence",Dijon,,France,21000,9.9,Unknown
20,21,9,2017-02-07,Sønder Boulevard 51,Copenhagen,,Denmark,1720,8.91,Unknown
21,22,35,2017-02-08,"Rua dos Campeões Europeus de Viena, 4350",Porto,,Portugal,Unknown,1.98,Unknown
22,23,53,2017-02-09,113 Lupus St,London,,United Kingdom,SW1V 3EN,9.9,Unknown
23,24,4,2017-02-10,Ullevålsveien 14,Oslo,,Norway,0171,11.88,Unknown
24,25,39,2017-02-11,"4, Rue Milton",Paris,,France,75009,7.92,Unknown
25,26,55,2017-02-15,421 Bourke Street,Sidney,NSW,Australia,2010,1.98,NSW
26,27,35,2017-02-15,"Rua dos Campeões Europeus de Viena, 4350",Porto,,Portugal,Unknown,7.92,Unknown
27,28,12,2017-02-17,"Praça Pio X, 119",Rio de Janeiro,RJ,Brazil,20040-020,2.97,RJ
28,29,45,2017-02-17,Erzsébet krt. 58.,Budapest,,Hungary,H-1073,5.94,Unknown
29,30,46,2017-02-18,3 Chatham Street,Dublin,Dublin,Ireland,Unknown,10.89,Dublin
30,31,3,2017-02-21,1498 rue Bélanger,Montréal,QC,Canada,H2G 1A7,19.8,QC
31,32,30,2017-02-21,230 Elgin Street,Ottawa,ON,Canada,K2P 1L7,12.87,ON
32,33,58,2017-02-21,"12,Community Centre",Delhi,,India,110017,3.96,Unknown
33,34,33,2017-02-23,5112 48 Street,Yellowknife,NT,Canada,X1A 1N6,0.99,NT
34,35,34,2017-02-25,Rua da Assunção 53,Lisbon,,Portugal,Unknown,4.95,Unknown
35,36,51,2017-02-27,Celsiusg. 9,Stockholm,,Sweden,11230,6.93,Unknown
36,37,59,2017-03-05,"3,Raj Bhavan Road",Bangalore,,India,560001,9.9,Unknown
37,38,49,2017-03-05,Ordynacka 10,Warsaw,,Poland,00-358,6.93,Unknown
38,39,39,2017-03-12,"4, Rue Milton",Paris,,France,75009,7.92,Unknown
39,40,37,2017-03-13,Berger Straße 10,Frankfurt,,Germany,60316,9.9,Unknown
40,41,50,2017-03-17,C/ San Bernardo 85,Madrid,,Spain,28015,7.92,Unknown
41,42,19,2017-03-18,1 Infinite Loop,Cupertino,CA,USA,95014,8.91,CA
42,43,22,2017-03-19,120 S Orange Ave,Orlando,FL,USA,32801,6.93,FL
43,44,21,2017-03-20,801 W 4th Street,Reno,NV,USA,89503,11.88,NV
44,45,36,2017-03-24,Tauentzienstraße 8,Berlin,,Germany,10789,7.92,Unknown
45,46,4,2017-03-24,Ullevålsveien 14,Oslo,,Norway,0171,10.89,Unknown
46,47,57,2017-03-25,"Calle Lira, 198",Santiago,,Chile,Unknown,5.94,Unknown
47,48,44,2017-03-28,Porthaninkatu 9,Helsinki,,Finland,00530,3.96,Unknown
48,49,10,2017-03-30,"Rua Dr. Falcão Filho, 155",São Paulo,SP,Brazil,01007-010,4.95,SP
49,50,18,2017-04-02,627 Broadway,New York,NY,USA,10012-2612,6.93,NY
50,51,19,2017-04-03,1 Infinite Loop,Cupertino,CA,USA,95014,7.92,CA
51,52,19,2017-04-11,1 Infinite Loop,Cupertino,CA,USA,95014,11.88,CA
52,53,43,2017-04-12,"68, Rue Jouvence",Dijon,,France,21000,2.97,Unknown
53,54,26,2017-04-13,2211 W Berry Street,Fort Worth,TX,USA,76110,17.82,TX
54,55,33,2017-04-16,5112 48 Street,Yellowknife,NT,Canada,X1A 1N6,9.9,NT
55,56,34,2017-04-22,Rua da Assunção 53,Lisbon,,Portugal,Unknown,16.83,Unknown
56,57,19,2017-04-22,1 Infinite Loop,Cupertino,CA,USA,95014,0.99,CA
57,58,9,2017-04-23,Sønder Boulevard 51,Copenhagen,,Denmark,1720,5.94,Unknown
58,59,38,2017-04-24,Barbarossastraße 19,Berlin,,Germany,10779,10.89,Unknown
59,60,15,2017-04-24,700 W Pender Street,Vancouver,BC,Canada,V6C 1G8,7.92,BC
60,61,59,2017-04-24,"3,Raj Bhavan Road",Bangalore,,India,560001,11.88,Unknown
61,62,9,2017-04-25,Sønder Boulevard 51,Copenhagen,,Denmark,1720,2.97,Unknown
62,63,31,2017-04-25,194A Chain Lake Drive,Halifax,NS,Canada,B3S 1C5,5.94,NS
63,64,52,2017-04-25,202 Hoxton Street,London,,United Kingdom,N1 5LH,12.87,Unknown
64,65,47,2017-04-26,"Via Degli Scipioni, 43",Rome,RM,Italy,00192,1.98,RM
65,66,16,2017-04-29,1600 Amphitheatre Parkway,Mountain View,CA,USA,94043-1351,6.93,CA
66,67,39,2017-05-01,"4, Rue Milton",Paris,,France,75009,10.89,Unknown
67,68,57,2017-05-01,"Calle Lira, 198",Santiago,,Chile,Unknown,10.89,Unknown
68,69,2,2017-05-09,Theodor-Heuss-Straße 34,Stuttgart,,Germany,70174,13.86,Unknown
69,70,31,2017-05-13,194A Chain Lake Drive,Halifax,NS,Canada,B3S 1C5,0.99,NS
70,71,3,2017-05-17,1498 rue Bélanger,Montréal,QC,Canada,H2G 1A7,16.83,QC
71,72,47,2017-05-18,"Via Degli Scipioni, 43",Rome,RM,Italy,00192,2.97,RM
72,73,13,2017-05-18,Qe 7 Bloco G,Brasília,DF,Brazil,71020-677,14.85,DF
73,74,26,2017-05-18,2211 W Berry Street,Fort Worth,TX,USA,76110,1.98,TX
74,75,16,2017-05-24,1600 Amphitheatre Parkway,Mountain View,CA,USA,94043-1351,3.96,CA
75,76,40,2017-05-26,"8, Rue Hanovre",Paris,,France,75002,12.87,Unknown
76,77,1,2017-05-28,"Av. Brigadeiro Faria Lima, 2170",São José dos Campos,SP,Brazil,12227-000,5.94,SP
77,78,5,2017-05-29,Klanova 9/506,Prague,,Czech Republic,14700,8.91,Unknown
78,79,36,2017-06-08,Tauentzienstraße 8,Berlin,,Germany,10789,13.86,Unknown
79,80,13,2017-06-08,Qe 7 Bloco G,Brasília,DF,Brazil,71020-677,0.99,DF
80,81,4,2017-06-12,Ullevålsveien 14,Oslo,,Norway,0171,5.94,Unknown
81,82,58,2017-06-13,"12,Community Centre",Delhi,,India,110017,6.93,Unknown
82,83,22,2017-06-15,120 S Orange Ave,Orlando,FL,USA,32801,3.96,FL
83,84,48,2017-06-15,Lijnbaansgracht 120bg,Amsterdam,VV,Netherlands,1016,11.88,VV
84,85,33,2017-06-17,5112 48 Street,Yellowknife,NT,Canada,X1A 1N6,4.95,NT
85,86,46,2017-06-18,3 Chatham Street,Dublin,Dublin,Ireland,Unknown,0.99,Dublin
86,87,30,2017-06-20,230 Elgin Street,Ottawa,ON,Canada,K2P 1L7,7.92,ON
87,88,31,2017-06-21,194A Chain Lake Drive,Halifax,NS,Canada,B3S 1C5,4.95,NS
88,89,21,2017-06-23,801 W 4th Street,Reno,NV,USA,89503,1.98,NV
89,90,55,2017-06-28,421 Bourke Street,Sidney,NSW,Australia,2010,10.89,NSW
90,91,36,2017-07-01,Tauentzienstraße 8,Berlin,,Germany,10789,10.89,Unknown
91,92,32,2017-07-02,696 Osborne Street,Winnipeg,MB,Canada,R3L 2B9,19.8,MB
92,93,42,2017-07-05,"9, Place Louis Barthou",Bordeaux,,France,33000,9.9,Unknown
93,94,51,2017-07-08,Celsiusg. 9,Stockholm,,Sweden,11230,7.92,Unknown
94,95,45,2017-07-10,Erzsébet krt. 58.,Budapest,,Hungary,H-1073,10.89,Unknown
95,96,53,2017-07-17,113 Lupus St,London,,United Kingdom,SW1V 3EN,5.94,Unknown
96,97,8,2017-07-22,Grétrystraat 63,Brussels,,Belgium,1000,5.94,Unknown
97,98,17,2017-07-23,1 Microsoft Way,Redmond,WA,USA,98052-8300,9.9,WA
98,99,55,2017-07-28,421 Bourke Street,Sidney,NSW,Australia,2010,17.82,NSW
99,100,58,2017-07-31,"12,Community Centre",Delhi,,India,110017,5.94,Unknown
100,101,20,2017-07-31,541 Del Medio Avenue,Mountain View,CA,USA,94040-111,3.96,CA
101,102,8,2017-08-02,Grétrystraat 63,Brussels,,Belgium,1000,9.9,Unknown
102,103,39,2017-08-03,"4, Rue Milton",Paris,,France,75009,5.94,Unknown
103,104,4,2017-08-06,Ullevålsveien 14,Oslo,,Norway,0171,1.98,Unknown
104,105,31,2017-08-12,194A Chain Lake Drive,Halifax,NS,Canada,B3S 1C5,7.92,NS
105,106,54,2017-08-19,110 Raeburn Pl,Edinburgh,,United Kingdom,EH4 1HH,7.92,Unknown
106,107,32,2017-08-21,696 Osborne Street,Winnipeg,MB,Canada,R3L 2B9,10.89,MB
107,108,30,2017-08-27,230 Elgin Street,Ottawa,ON,Canada,K2P 1L7,4.95,ON
108,109,22,2017-08-29,120 S Orange Ave,Orlando,FL,USA,32801,10.89,FL
109,110,15,2017-08-29,700 W Pender Street,Vancouver,BC,Canada,V6C 1G8,5.94,BC
110,111,13,2017-08-30,Qe 7 Bloco G,Brasília,DF,Brazil,71020-677,4.95,DF
111,112,6,2017-08-31,Rilská 3174/6,Prague,,Czech Republic,14300,16.83,Unknown
112,113,13,2017-09-01,Qe 7 Bloco G,Brasília,DF,Brazil,71020-677,9.9,DF
113,114,12,2017-09-05,"Praça Pio X, 119",Rio de Janeiro,RJ,Brazil,20040-020,16.83,RJ
114,115,50,2017-09-08,C/ San Bernardo 85,Madrid,,Spain,28015,8.91,Unknown
115,116,6,2017-09-08,Rilská 3174/6,Prague,,Czech Republic,14300,10.89,Unknown
116,117,44,2017-09-10,Porthaninkatu 9,Helsinki,,Finland,00530,10.89,Unknown
117,118,28,2017-09-10,302 S 700 E,Salt Lake City,UT,USA,84102,0.99,UT
118,119,5,2017-09-12,Klanova 9/506,Prague,,Czech Republic,14700,1.98,Unknown
119,120,29,2017-09-19,796 Dundas Street West,Toronto,ON,Canada,M6J 1V1,5.94,ON
120,121,59,2017-09-20,"3,Raj Bhavan Road",Bangalore,,India,560001,8.91,Unknown
121,122,9,2017-09-21,Sønder Boulevard 51,Copenhagen,,Denmark,1720,4.95,Unknown
122,123,7,2017-09-23,"Rotenturmstraße 4, 1010 Innere Stadt",Vienne,,Austria,1010,11.88,Unknown
123,124,8,2017-09-25,Grétrystraat 63,Brussels,,Belgium,1000,5.94,Unknown
124,125,3,2017-09-29,1498 rue Bélanger,Montréal,QC,Canada,H2G 1A7,9.9,QC
125,126,32,2017-10-07,696 Osborne Street,Winnipeg,MB,Canada,R3L 2B9,3.96,MB
126,127,35,2017-10-08,"Rua dos Campeões Europeus de Viena, 4350",Porto,,Portugal,Unknown,10.89,Unknown
127,128,17,2017-10-12,1 Microsoft Way,Redmond,WA,USA,98052-8300,6.93,WA
128,129,17,2017-10-16,1 Microsoft Way,Redmond,WA,USA,98052-8300,10.89,WA
129,130,13,2017-10-19,Qe 7 Bloco G,Brasília,DF,Brazil,71020-677,3.96,DF
130,131,2,2017-10-21,Theodor-Heuss-Straße 34,Stuttgart,,Germany,70174,2.97,Unknown
131,132,14,2017-10-22,8210 111 ST NW,Edmonton,AB,Canada,T6G 2C7,1.98,AB
132,133,35,2017-10-22,"Rua dos Campeões Europeus de Viena, 4350",Porto,,Portugal,Unknown,9.9,Unknown
133,134,2,2017-10-23,Theodor-Heuss-Straße 34,Stuttgart,,Germany,70174,7.92,Unknown
134,135,11,2017-10-25,"Av. Paulista, 2022",São Paulo,SP,Brazil,01310-200,2.97,SP
135,136,33,2017-10-29,5112 48 Street,Yellowknife,NT,Canada,X1A 1N6,3.96,NT
136,137,34,2017-10-29,Rua da Assunção 53,Lisbon,,Portugal,Unknown,1.98,Unknown
137,138,33,2017-10-30,5112 48 Street,Yellowknife,NT,Canada,X1A 1N6,10.89,NT
138,139,23,2017-11-03,69 Salem Street,Boston,MA,USA,2113,4.95,MA
139,140,58,2017-11-06,"12,Community Centre",Delhi,,India,110017,7.92,Unknown
140,141,45,2017-11-07,Erzsébet krt. 58.,Budapest,,Hungary,H-1073,17.82,Unknown
141,142,15,2017-11-10,700 W Pender Street,Vancouver,BC,Canada,V6C 1G8,14.85,BC
142,143,25,2017-11-10,319 N. Frances Street,Madison,WI,USA,53703,4.95,WI
143,144,33,2017-11-18,5112 48 Street,Yellowknife,NT,Canada,X1A 1N6,2.97,NT
144,145,28,2017-11-22,302 S 700 E,Salt Lake City,UT,USA,84102,4.95,UT
145,146,58,2017-11-22,"12,Community Centre",Delhi,,India,110017,12.87,Unknown
146,147,19,2017-11-28,1 Infinite Loop,Cupertino,CA,USA,95014,4.95,CA
147,148,42,2017-11-30,"9, Place Louis Barthou",Bordeaux,,France,33000,8.91,Unknown
148,149,1,2017-11-30,"Av. Brigadeiro Faria Lima, 2170",São José dos Campos,SP,Brazil,12227-000,8.91,SP
149,150,22,2017-12-01,120 S Orange Ave,Orlando,FL,USA,32801,2.97,FL
150,151,35,2017-12-06,"Rua dos Campeões Europeus de Viena, 4350",Porto,,Portugal,Unknown,2.97,Unknown
151,152,12,2017-12-12,"Praça Pio X, 119",Rio de Janeiro,RJ,Brazil,20040-020,5.94,RJ
152,153,1,2017-12-14,"Av. Brigadeiro Faria Lima, 2170",São José dos Campos,SP,Brazil,12227-000,13.86,SP
153,154,39,2017-12-17,"4, Rue Milton",Paris,,France,75009,2.97,Unknown
154,155,59,2018-01-02,"3,Raj Bhavan Road",Bangalore,,India,560001,8.91,Unknown
155,156,10,2018-01-03,"Rua Dr. Falcão Filho, 155",São Paulo,SP,Brazil,01007-010,10.89,SP
156,157,57,2018-01-04,"Calle Lira, 198",Santiago,,Chile,Unknown,0.99,Unknown
157,158,57,2018-01-07,"Calle Lira, 198",Santiago,,Chile,Unknown,5.94,Unknown
158,159,20,2018-01-08,541 Del Medio Avenue,Mountain View,CA,USA,94040-111,5.94,CA
159,160,41,2018-01-09,"11, Place Bellecour",Lyon,,France,69002,8.91,Unknown
160,161,24,2018-01-13,162 E Superior Street,Chicago,IL,USA,60611,7.92,IL
161,162,2,2018-01-15,Theodor-Heuss-Straße 34,Stuttgart,,Germany,70174,8.91,Unknown
162,163,6,2018-01-16,Rilská 3174/6,Prague,,Czech Republic,14300,8.91,Unknown
163,164,49,2018-01-20,Ordynacka 10,Warsaw,,Poland,00-358,3.96,Unknown
164,165,41,2018-01-21,"11, Place Bellecour",Lyon,,France,69002,7.92,Unknown
165,166,17,2018-01-21,1 Microsoft Way,Redmond,WA,USA,98052-8300,9.9,WA
166,167,21,2018-01-25,801 W 4th Street,Reno,NV,USA,89503,5.94,NV
167,168,47,2018-01-27,"Via Degli Scipioni, 43",Rome,RM,Italy,00192,5.94,RM
168,169,21,2018-01-28,801 W 4th Street,Reno,NV,USA,89503,8.91,NV
169,170,45,2018-01-28,Erzsébet krt. 58.,Budapest,,Hungary,H-1073,9.9,Unknown
170,171,53,2018-01-30,113 Lupus St,London,,United Kingdom,SW1V 3EN,12.87,Unknown
171,172,33,2018-01-31,5112 48 Street,Yellowknife,NT,Canada,X1A 1N6,7.92,NT
172,173,5,2018-01-31,Klanova 9/506,Prague,,Czech Republic,14700,10.89,Unknown
173,174,48,2018-01-31,Lijnbaansgracht 120bg,Amsterdam,VV,Netherlands,1016,6.93,VV
174,175,39,2018-01-31,"4, Rue Milton",Paris,,France,75009,17.82,Unknown
175,176,46,2018-01-31,3 Chatham Street,Dublin,Dublin,Ireland,Unknown,6.93,Dublin
176,177,47,2018-02-01,"Via Degli Scipioni, 43",Rome,RM,Italy,00192,1.98,RM
177,178,9,2018-02-02,Sønder Boulevard 51,Copenhagen,,Denmark,1720,2.97,Unknown
178,179,25,2018-02-03,319 N. Frances Street,Madison,WI,USA,53703,9.9,WI
179,180,46,2018-02-05,3 Chatham Street,Dublin,Dublin,Ireland,Unknown,9.9,Dublin
180,181,45,2018-02-06,Erzsébet krt. 58.,Budapest,,Hungary,H-1073,6.93,Unknown
181,182,1,2018-02-07,"Av. Brigadeiro Faria Lima, 2170",São José dos Campos,SP,Brazil,12227-000,5.94,SP
182,183,42,2018-02-09,"9, Place Louis Barthou",Bordeaux,,France,33000,23.76,Unknown
183,184,1,2018-02-09,"Av. Brigadeiro Faria Lima, 2170",São José dos Campos,SP,Brazil,12227-000,0.99,SP
184,185,21,2018-02-10,801 W 4th Street,Reno,NV,USA,89503,8.91,NV
185,186,11,2018-02-10,"Av. Paulista, 2022",São Paulo,SP,Brazil,01310-200,2.97,SP
186,187,18,2018-02-18,627 Broadway,New York,NY,USA,10012-2612,6.93,NY
187,188,13,2018-02-20,Qe 7 Bloco G,Brasília,DF,Brazil,71020-677,10.89,DF
188,189,13,2018-02-21,Qe 7 Bloco G,Brasília,DF,Brazil,71020-677,3.96,DF
189,190,51,2018-02-21,Celsiusg. 9,Stockholm,,Sweden,11230,4.95,Unknown
190,191,51,2018-02-22,Celsiusg. 9,Stockholm,,Sweden,11230,3.96,Unknown
191,192,28,2018-02-25,302 S 700 E,Salt Lake City,UT,USA,84102,8.91,UT
192,193,41,2018-02-26,"11, Place Bellecour",Lyon,,France,69002,1.98,Unknown
193,194,34,2018-02-27,Rua da Assunção 53,Lisbon,,Portugal,Unknown,0.99,Unknown
194,195,27,2018-03-02,1033 N Park Ave,Tucson,AZ,USA,85719,10.89,AZ
195,196,37,2018-03-02,Berger Straße 10,Frankfurt,,Germany,60316,9.9,Unknown
196,197,46,2018-03-05,3 Chatham Street,Dublin,Dublin,Ireland,Unknown,10.89,Dublin
197,198,13,2018-03-05,Qe 7 Bloco G,Brasília,DF,Brazil,71020-677,10.89,DF
198,199,20,2018-03-08,541 Del Medio Avenue,Mountain View,CA,USA,94040-111,2.97,CA
199,200,24,2018-03-08,162 E Superior Street,Chicago,IL,USA,60611,7.92,IL
200,201,39,2018-03-11,"4, Rue Milton",Paris,,France,75009,11.88,Unknown
201,202,25,2018-03-13,319 N. Frances Street,Madison,WI,USA,53703,1.98,WI
202,203,38,2018-03-16,Barbarossastraße 19,Berlin,,Germany,10779,9.9,Unknown
203,204,20,2018-03-17,541 Del Medio Avenue,Mountain View,CA,USA,94040-111,10.89,CA
204,205,4,2018-03-20,Ullevålsveien 14,Oslo,,Norway,0171,9.9,Unknown
205,206,11,2018-03-21,"Av. Paulista, 2022",São Paulo,SP,Brazil,01310-200,4.95,SP
206,207,17,2018-03-21,1 Microsoft Way,Redmond,WA,USA,98052-8300,3.96,WA
207,208,4,2018-03-22,Ullevålsveien 14,Oslo,,Norway,0171,5.94,Unknown
208,209,27,2018-03-25,1033 N Park Ave,Tucson,AZ,USA,85719,3.96,AZ
209,210,2,2018-03-25,Theodor-Heuss-Straße 34,Stuttgart,,Germany,70174,10.89,Unknown
210,211,51,2018-03-26,Celsiusg. 9,Stockholm,,Sweden,11230,8.91,Unknown
211,212,45,2018-03-31,Erzsébet krt. 58.,Budapest,,Hungary,H-1073,11.88,Unknown
212,213,53,2018-04-01,113 Lupus St,London,,United Kingdom,SW1V 3EN,10.89,Unknown
213,214,57,2018-04-03,"Calle Lira, 198",Santiago,,Chile,Unknown,4.95,Unknown
214,215,26,2018-04-04,2211 W Berry Street,Fort Worth,TX,USA,76110,1.98,TX
215,216,49,2018-04-14,Ordynacka 10,Warsaw,,Poland,00-358,4.95,Unknown
216,217,27,2018-04-17,1033 N Park Ave,Tucson,AZ,USA,85719,9.9,AZ
217,218,56,2018-04-19,307 Macacha Güemes,Buenos Aires,,Argentina,1106,8.91,Unknown
218,219,20,2018-04-21,541 Del Medio Avenue,Mountain View,CA,USA,94040-111,2.97,CA
219,220,59,2018-04-25,"3,Raj Bhavan Road",Bangalore,,India,560001,8.91,Unknown
220,221,35,2018-04-25,"Rua dos Campeões Europeus de Viena, 4350",Porto,,Portugal,Unknown,7.92,Unknown
221,222,2,2018-04-29,Theodor-Heuss-Straße 34,Stuttgart,,Germany,70174,1.98,Unknown
222,223,1,2018-05-04,"Av. Brigadeiro Faria Lima, 2170",São José dos Campos,SP,Brazil,12227-000,17.82,SP
223,224,34,2018-05-06,Rua da Assunção 53,Lisbon,,Portugal,Unknown,9.9,Unknown
224,225,7,2018-05-08,"Rotenturmstraße 4, 1010 Innere Stadt",Vienne,,Austria,1010,5.94,Unknown
225,226,42,2018-05-12,"9, Place Louis Barthou",Bordeaux,,France,33000,10.89,Unknown
226,227,52,2018-05-16,202 Hoxton Street,London,,United Kingdom,N1 5LH,9.9,Unknown
227,228,57,2018-05-16,"Calle Lira, 198",Santiago,,Chile,Unknown,3.96,Unknown
228,229,15,2018-05-19,700 W Pender Street,Vancouver,BC,Canada,V6C 1G8,2.97,BC
229,230,54,2018-05-21,110 Raeburn Pl,Edinburgh,,United Kingdom,EH4 1HH,7.92,Unknown
230,231,19,2018-05-27,1 Infinite Loop,Cupertino,CA,USA,95014,2.97,CA
231,232,57,2018-05-29,"Calle Lira, 198",Santiago,,Chile,Unknown,3.96,Unknown
232,233,14,2018-06-01,8210 111 ST NW,Edmonton,AB,Canada,T6G 2C7,5.94,AB
233,234,36,2018-06-01,Tauentzienstraße 8,Berlin,,Germany,10789,0.99,Unknown
234,235,5,2018-06-06,Klanova 9/506,Prague,,Czech Republic,14700,6.93,Unknown
235,236,35,2018-06-08,"Rua dos Campeões Europeus de Viena, 4350",Porto,,Portugal,Unknown,2.97,Unknown
236,237,52,2018-06-13,202 Hoxton Street,London,,United Kingdom,N1 5LH,15.84,Unknown
237,238,46,2018-06-14,3 Chatham Street,Dublin,Dublin,Ireland,Unknown,9.9,Dublin
238,239,38,2018-06-16,Barbarossastraße 19,Berlin,,Germany,10779,15.84,Unknown
239,240,10,2018-06-17,"Rua Dr. Falcão Filho, 155",São Paulo,SP,Brazil,01007-010,2.97,SP
240,241,45,2018-06-18,Erzsébet krt. 58.,Budapest,,Hungary,H-1073,1.98,Unknown
241,242,36,2018-06-18,Tauentzienstraße 8,Berlin,,Germany,10789,9.9,Unknown
242,243,6,2018-06-23,Rilská 3174/6,Prague,,Czech Republic,14300,10.89,Unknown
243,244,53,2018-06-23,113 Lupus St,London,,United Kingdom,SW1V 3EN,4.95,Unknown
244,245,20,2018-06-30,541 Del Medio Avenue,Mountain View,CA,USA,94040-111,2.97,CA
245,246,58,2018-07-12,"12,Community Centre",Delhi,,India,110017,8.91,Unknown
246,247,27,2018-07-12,1033 N Park Ave,Tucson,AZ,USA,85719,10.89,AZ
247,248,3,2018-07-13,1498 rue Bélanger,Montréal,QC,Canada,H2G 1A7,6.93,QC
248,249,12,2018-07-14,"Praça Pio X, 119",Rio de Janeiro,RJ,Brazil,20040-020,1.98,RJ
249,250,23,2018-07-20,69 Salem Street,Boston,MA,USA,2113,10.89,MA
250,251,7,2018-07-20,"Rotenturmstraße 4, 1010 Innere Stadt",Vienne,,Austria,1010,6.93,Unknown
251,252,44,2018-07-25,Porthaninkatu 9,Helsinki,,Finland,00530,7.92,Unknown
252,253,8,2018-07-29,Grétrystraat 63,Brussels,,Belgium,1000,11.88,Unknown
253,254,57,2018-07-30,"Calle Lira, 198",Santiago,,Chile,Unknown,9.9,Unknown
254,255,46,2018-07-31,3 Chatham Street,Dublin,Dublin,Ireland,Unknown,3.96,Dublin
255,256,13,2018-07-31,Qe 7 Bloco G,Brasília,DF,Brazil,71020-677,4.95,DF
256,257,16,2018-08-01,1600 Amphitheatre Parkway,Mountain View,CA,USA,94043-1351,10.89,CA
257,258,48,2018-08-02,Lijnbaansgracht 120bg,Amsterdam,VV,Netherlands,1016,0.99,VV
258,259,38,2018-08-03,Barbarossastraße 19,Berlin,,Germany,10779,6.93,Unknown
259,260,10,2018-08-04,"Rua Dr. Falcão Filho, 155",São Paulo,SP,Brazil,01007-010,7.92,SP
260,261,49,2018-08-06,Ordynacka 10,Warsaw,,Poland,00-358,8.91,Unknown
261,262,3,2018-08-09,1498 rue Bélanger,Montréal,QC,Canada,H2G 1A7,7.92,QC
262,263,36,2018-08-13,Tauentzienstraße 8,Berlin,,Germany,10789,4.95,Unknown
263,264,38,2018-08-15,Barbarossastraße 19,Berlin,,Germany,10779,0.99,Unknown
264,265,52,2018-08-18,202 Hoxton Street,London,,United Kingdom,N1 5LH,6.93,Unknown
265,266,44,2018-08-22,Porthaninkatu 9,Helsinki,,Finland,00530,5.94,Unknown
266,267,9,2018-08-22,Sønder Boulevard 51,Copenhagen,,Denmark,1720,1.98,Unknown
267,268,16,2018-08-23,1600 Amphitheatre Parkway,Mountain View,CA,USA,94043-1351,10.89,CA
268,269,43,2018-08-26,"68, Rue Jouvence",Dijon,,France,21000,0.99,Unknown
269,270,1,2018-08-27,"Av. Brigadeiro Faria Lima, 2170",São José dos Campos,SP,Brazil,12227-000,10.89,SP
270,271,47,2018-08-30,"Via Degli Scipioni, 43",Rome,RM,Italy,00192,10.89,RM
271,272,4,2018-08-30,Ullevålsveien 14,Oslo,,Norway,0171,8.91,Unknown
272,273,37,2018-09-02,Berger Straße 10,Frankfurt,,Germany,60316,16.83,Unknown
273,274,26,2018-09-04,2211 W Berry Street,Fort Worth,TX,USA,76110,4.95,TX
274,275,6,2018-09-06,Rilská 3174/6,Prague,,Czech Republic,14300,7.92,Unknown
275,276,22,2018-09-07,120 S Orange Ave,Orlando,FL,USA,32801,18.81,FL
276,277,53,2018-09-10,113 Lupus St,London,,United Kingdom,SW1V 3EN,4.95,Unknown
277,278,22,2018-09-23,120 S Orange Ave,Orlando,FL,USA,32801,2.97,FL
278,279,41,2018-10-01,"11, Place Bellecour",Lyon,,France,69002,4.95,Unknown
279,280,6,2018-10-02,Rilská 3174/6,Prague,,Czech Republic,14300,10.89,Unknown
280,281,50,2018-10-06,C/ San Bernardo 85,Madrid,,Spain,28015,13.86,Unknown
281,282,20,2018-10-11,541 Del Medio Avenue,Mountain View,CA,USA,94040-111,16.83,CA
282,283,48,2018-10-13,Lijnbaansgracht 120bg,Amsterdam,VV,Netherlands,1016,8.91,VV
283,284,49,2018-10-16,Ordynacka 10,Warsaw,,Poland,00-358,10.89,Unknown
284,285,58,2018-10-25,"12,Community Centre",Delhi,,India,110017,9.9,Unknown
285,286,27,2018-10-25,1033 N Park Ave,Tucson,AZ,USA,85719,1.98,AZ
286,287,23,2018-11-04,69 Salem Street,Boston,MA,USA,2113,1.98,MA
287,288,17,2018-11-04,1 Microsoft Way,Redmond,WA,USA,98052-8300,10.89,WA
288,289,16,2018-11-06,1600 Amphitheatre Parkway,Mountain View,CA,USA,94043-1351,6.93,CA
289,290,17,2018-11-18,1 Microsoft Way,Redmond,WA,USA,98052-8300,4.95,WA
290,291,35,2018-11-19,"Rua dos Campeões Europeus de Viena, 4350",Porto,,Portugal,Unknown,2.97,Unknown
291,292,4,2018-11-21,Ullevålsveien 14,Oslo,,Norway,0171,9.9,Unknown
292,293,14,2018-11-29,8210 111 ST NW,Edmonton,AB,Canada,T6G 2C7,4.95,AB
293,294,58,2018-12-02,"12,Community Centre",Delhi,,India,110017,10.89,Unknown
294,295,33,2018-12-03,5112 48 Street,Yellowknife,NT,Canada,X1A 1N6,0.99,NT
295,296,1,2018-12-10,"Av. Brigadeiro Faria Lima, 2170",São José dos Campos,SP,Brazil,12227-000,12.87,SP
296,297,22,2018-12-11,120 S Orange Ave,Orlando,FL,USA,32801,2.97,FL
297,298,12,2018-12-13,"Praça Pio X, 119",Rio de Janeiro,RJ,Brazil,20040-020,8.91,RJ
298,299,30,2018-12-14,230 Elgin Street,Ottawa,ON,Canada,K2P 1L7,5.94,ON
299,300,25,2018-12-15,319 N. Frances Street,Madison,WI,USA,53703,11.88,WI
300,301,34,2018-12-15,Rua da Assunção 53,Lisbon,,Portugal,Unknown,7.92,Unknown
301,302,40,2018-12-18,"8, Rue Hanovre",Paris,,France,75002,3.96,Unknown
302,303,28,2018-12-21,302 S 700 E,Salt Lake City,UT,USA,84102,9.9,UT
303,304,56,2018-12-23,307 Macacha Güemes,Buenos Aires,,Argentina,1106,6.93,Unknown
304,305,40,2018-12-26,"8, Rue Hanovre",Paris,,France,75002,14.85,Unknown
305,306,8,2019-01-01,Grétrystraat 63,Brussels,,Belgium,1000,10.89,Unknown
306,307,26,2019-01-05,2211 W Berry Street,Fort Worth,TX,USA,76110,9.9,TX
307,308,37,2019-01-06,Berger Straße 10,Frankfurt,,Germany,60316,10.89,Unknown
308,309,36,2019-01-14,Tauentzienstraße 8,Berlin,,Germany,10789,8.91,Unknown
309,310,22,2019-01-16,120 S Orange Ave,Orlando,FL,USA,32801,8.91,FL
310,311,8,2019-01-18,Grétrystraat 63,Brussels,,Belgium,1000,5.94,Unknown
311,312,42,2019-01-21,"9, Place Louis Barthou",Bordeaux,,France,33000,9.9,Unknown
312,313,30,2019-01-24,230 Elgin Street,Ottawa,ON,Canada,K2P 1L7,4.95,ON
313,314,43,2019-01-29,"68, Rue Jouvence",Dijon,,France,21000,9.9,Unknown
314,315,10,2019-01-30,"Rua Dr. Falcão Filho, 155",São Paulo,SP,Brazil,01007-010,4.95,SP
315,316,11,2019-02-03,"Av. Paulista, 2022",São Paulo,SP,Brazil,01310-200,1.98,SP
316,317,40,2019-02-14,"8, Rue Hanovre",Paris,,France,75002,11.88,Unknown
317,318,43,2019-02-19,"68, Rue Jouvence",Dijon,,France,21000,7.92,Unknown
318,319,50,2019-02-20,C/ San Bernardo 85,Madrid,,Spain,28015,9.9,Unknown
319,320,58,2019-02-22,"12,Community Centre",Delhi,,India,110017,16.83,Unknown
320,321,14,2019-02-23,8210 111 ST NW,Edmonton,AB,Canada,T6G 2C7,0.99,AB
321,322,21,2019-02-24,801 W 4th Street,Reno,NV,USA,89503,9.9,NV
322,323,23,2019-03-03,69 Salem Street,Boston,MA,USA,2113,7.92,MA
323,324,57,2019-03-03,"Calle Lira, 198",Santiago,,Chile,Unknown,4.95,Unknown
324,325,33,2019-03-04,5112 48 Street,Yellowknife,NT,Canada,X1A 1N6,9.9,NT
325,326,52,2019-03-04,202 Hoxton Street,London,,United Kingdom,N1 5LH,8.91,Unknown
326,327,49,2019-03-05,Ordynacka 10,Warsaw,,Poland,00-358,8.91,Unknown
327,328,10,2019-03-08,"Rua Dr. Falcão Filho, 155",São Paulo,SP,Brazil,01007-010,3.96,SP
328,329,9,2019-03-09,Sønder Boulevard 51,Copenhagen,,Denmark,1720,0.99,Unknown
329,330,22,2019-03-13,120 S Orange Ave,Orlando,FL,USA,32801,12.87,FL
330,331,25,2019-03-15,319 N. Frances Street,Madison,WI,USA,53703,5.94,WI
331,332,29,2019-03-15,796 Dundas Street West,Toronto,ON,Canada,M6J 1V1,9.9,ON
332,333,12,2019-03-21,"Praça Pio X, 119",Rio de Janeiro,RJ,Brazil,20040-020,5.94,RJ
333,334,53,2019-03-21,113 Lupus St,London,,United Kingdom,SW1V 3EN,14.85,Unknown
334,335,57,2019-03-23,"Calle Lira, 198",Santiago,,Chile,Unknown,14.85,Unknown
335,336,6,2019-03-31,Rilská 3174/6,Prague,,Czech Republic,14300,15.84,Unknown
336,337,7,2019-04-03,"Rotenturmstraße 4, 1010 Innere Stadt",Vienne,,Austria,1010,9.9,Unknown
337,338,58,2019-04-03,"12,Community Centre",Delhi,,India,110017,4.95,Unknown
338,339,36,2019-04-07,Tauentzienstraße 8,Berlin,,Germany,10789,7.92,Unknown
339,340,48,2019-04-08,Lijnbaansgracht 120bg,Amsterdam,VV,Netherlands,1016,2.97,VV
340,341,5,2019-04-09,Klanova 9/506,Prague,,Czech Republic,14700,11.88,Unknown
341,342,3,2019-04-13,1498 rue Bélanger,Montréal,QC,Canada,H2G 1A7,2.97,QC
342,343,2,2019-04-13,Theodor-Heuss-Straße 34,Stuttgart,,Germany,70174,5.94,Unknown
343,344,3,2019-04-15,1498 rue Bélanger,Montréal,QC,Canada,H2G 1A7,16.83,QC
344,345,50,2019-04-16,C/ San Bernardo 85,Madrid,,Spain,28015,9.9,Unknown
345,346,40,2019-04-17,"8, Rue Hanovre",Paris,,France,75002,5.94,Unknown
346,347,44,2019-04-17,Porthaninkatu 9,Helsinki,,Finland,00530,3.96,Unknown
347,348,35,2019-04-18,"Rua dos Campeões Europeus de Viena, 4350",Porto,,Portugal,Unknown,8.91,Unknown
348,349,37,2019-04-21,Berger Straße 10,Frankfurt,,Germany,60316,0.99,Unknown
349,350,44,2019-04-21,Porthaninkatu 9,Helsinki,,Finland,00530,2.97,Unknown
350,351,57,2019-04-23,"Calle Lira, 198",Santiago,,Chile,Unknown,9.9,Unknown
351,352,10,2019-04-23,"Rua Dr. Falcão Filho, 155",São Paulo,SP,Brazil,01007-010,0.99,SP
352,353,28,2019-04-28,302 S 700 E,Salt Lake City,UT,USA,84102,9.9,UT
353,354,9,2019-05-02,Sønder Boulevard 51,Copenhagen,,Denmark,1720,4.95,Unknown
354,355,43,2019-05-04,"68, Rue Jouvence",Dijon,,France,21000,6.93,Unknown
355,356,55,2019-05-04,421 Bourke Street,Sidney,NSW,Australia,2010,6.93,NSW
356,357,13,2019-05-08,Qe 7 Bloco G,Brasília,DF,Brazil,71020-677,2.97,DF
357,358,19,2019-05-12,1 Infinite Loop,Cupertino,CA,USA,95014,6.93,CA
358,359,43,2019-05-12,"68, Rue Jouvence",Dijon,,France,21000,8.91,Unknown
359,360,45,2019-05-15,Erzsébet krt. 58.,Budapest,,Hungary,H-1073,3.96,Unknown
360,361,5,2019-05-18,Klanova 9/506,Prague,,Czech Republic,14700,1.98,Unknown
361,362,29,2019-05-24,796 Dundas Street West,Toronto,ON,Canada,M6J 1V1,19.8,ON
362,363,38,2019-05-24,Barbarossastraße 19,Berlin,,Germany,10779,2.97,Unknown
363,364,26,2019-05-26,2211 W Berry Street,Fort Worth,TX,USA,76110,5.94,TX
364,365,28,2019-05-27,302 S 700 E,Salt Lake City,UT,USA,84102,3.96,UT
365,366,26,2019-05-27,2211 W Berry Street,Fort Worth,TX,USA,76110,8.91,TX
366,367,40,2019-05-29,"8, Rue Hanovre",Paris,,France,75002,7.92,Unknown
367,368,35,2019-05-30,"Rua dos Campeões Europeus de Viena, 4350",Porto,,Portugal,Unknown,1.98,Unknown
368,369,50,2019-05-31,C/ San Bernardo 85,Madrid,,Spain,28015,9.9,Unknown
369,370,14,2019-06-01,8210 111 ST NW,Edmonton,AB,Canada,T6G 2C7,8.91,AB
370,371,14,2019-06-01,8210 111 ST NW,Edmonton,AB,Canada,T6G 2C7,0.99,AB
371,372,18,2019-06-01,627 Broadway,New York,NY,USA,10012-2612,13.86,NY
372,373,39,2019-06-01,"4, Rue Milton",Paris,,France,75009,3.96,Unknown
373,374,43,2019-06-03,"68, Rue Jouvence",Dijon,,France,21000,5.94,Unknown
374,375,35,2019-06-05,"Rua dos Campeões Europeus de Viena, 4350",Porto,,Portugal,Unknown,8.91,Unknown
375,376,5,2019-06-06,Klanova 9/506,Prague,,Czech Republic,14700,3.96,Unknown
376,377,28,2019-06-09,302 S 700 E,Salt Lake City,UT,USA,84102,2.97,UT
377,378,48,2019-06-13,Lijnbaansgracht 120bg,Amsterdam,VV,Netherlands,1016,3.96,VV
378,379,54,2019-06-13,110 Raeburn Pl,Edinburgh,,United Kingdom,EH4 1HH,11.88,Unknown
379,380,56,2019-06-14,307 Macacha Güemes,Buenos Aires,,Argentina,1106,9.9,Unknown
380,381,56,2019-06-21,307 Macacha Güemes,Buenos Aires,,Argentina,1106,12.87,Unknown
381,382,48,2019-06-22,Lijnbaansgracht 120bg,Amsterdam,VV,Netherlands,1016,3.96,VV
382,383,23,2019-07-03,69 Salem Street,Boston,MA,USA,2113,9.9,MA
383,384,50,2019-07-10,C/ San Bernardo 85,Madrid,,Spain,28015,10.89,Unknown
384,385,42,2019-07-11,"9, Place Louis Barthou",Bordeaux,,France,33000,6.93,Unknown
385,386,26,2019-07-12,2211 W Berry Street,Fort Worth,TX,USA,76110,4.95,TX
386,387,6,2019-07-15,Rilská 3174/6,Prague,,Czech Republic,14300,5.94,Unknown
387,388,5,2019-07-16,Klanova 9/506,Prague,,Czech Republic,14700,9.9,Unknown
388,389,16,2019-07-18,1600 Amphitheatre Parkway,Mountain View,CA,USA,94043-1351,16.83,CA
389,390,34,2019-07-19,Rua da Assunção 53,Lisbon,,Portugal,Unknown,2.97,Unknown
390,391,30,2019-07-20,230 Elgin Street,Ottawa,ON,Canada,K2P 1L7,3.96,ON
391,392,11,2019-07-24,"Av. Paulista, 2022",São Paulo,SP,Brazil,01310-200,7.92,SP
392,393,17,2019-07-25,1 Microsoft Way,Redmond,WA,USA,98052-8300,10.89,WA
393,394,31,2019-07-27,194A Chain Lake Drive,Halifax,NS,Canada,B3S 1C5,7.92,NS
394,395,24,2019-07-28,162 E Superior Street,Chicago,IL,USA,60611,9.9,IL
395,396,42,2019-07-29,"9, Place Louis Barthou",Bordeaux,,France,33000,8.91,Unknown
396,397,36,2019-07-31,Tauentzienstraße 8,Berlin,,Germany,10789,6.93,Unknown
397,398,51,2019-08-03,Celsiusg. 9,Stockholm,,Sweden,11230,16.83,Unknown
398,399,51,2019-08-03,Celsiusg. 9,Stockholm,,Sweden,11230,11.88,Unknown
399,400,36,2019-08-06,Tauentzienstraße 8,Berlin,,Germany,10789,3.96,Unknown
400,401,46,2019-08-06,3 Chatham Street,Dublin,Dublin,Ireland,Unknown,9.9,Dublin
401,402,54,2019-08-09,110 Raeburn Pl,Edinburgh,,United Kingdom,EH4 1HH,8.91,Unknown
402,403,54,2019-08-10,110 Raeburn Pl,Edinburgh,,United Kingdom,EH4 1HH,8.91,Unknown
403,404,31,2019-08-13,194A Chain Lake Drive,Halifax,NS,Canada,B3S 1C5,13.86,NS
404,405,6,2019-08-14,Rilská 3174/6,Prague,,Czech Republic,14300,7.92,Unknown
405,406,10,2019-08-15,"Rua Dr. Falcão Filho, 155",São Paulo,SP,Brazil,01007-010,1.98,SP
406,407,57,2019-08-19,"Calle Lira, 198",Santiago,,Chile,Unknown,9.9,Unknown
407,408,34,2019-08-20,Rua da Assunção 53,Lisbon,,Portugal,Unknown,5.94,Unknown
408,409,48,2019-08-24,Lijnbaansgracht 120bg,Amsterdam,VV,Netherlands,1016,10.89,VV
409,410,7,2019-08-27,"Rotenturmstraße 4, 1010 Innere Stadt",Vienne,,Austria,1010,3.96,Unknown
410,411,9,2019-08-27,Sønder Boulevard 51,Copenhagen,,Denmark,1720,1.98,Unknown
411,412,12,2019-08-28,"Praça Pio X, 119",Rio de Janeiro,RJ,Brazil,20040-020,7.92,RJ
412,413,47,2019-08-28,"Via Degli Scipioni, 43",Rome,RM,Italy,00192,14.85,RM
413,414,54,2019-08-30,110 Raeburn Pl,Edinburgh,,United Kingdom,EH4 1HH,9.9,Unknown
414,415,54,2019-08-31,110 Raeburn Pl,Edinburgh,,United Kingdom,EH4 1HH,8.91,Unknown
415,416,5,2019-08-31,Klanova 9/506,Prague,,Czech Republic,14700,0.99,Unknown
416,417,24,2019-09-01,162 E Superior Street,Chicago,IL,USA,60611,9.9,IL
417,418,50,2019-09-01,C/ San Bernardo 85,Madrid,,Spain,28015,0.99,Unknown
418,419,3,2019-09-02,1498 rue Bélanger,Montréal,QC,Canada,H2G 1A7,9.9,QC
419,420,20,2019-09-05,541 Del Medio Avenue,Mountain View,CA,USA,94040-111,9.9,CA
420,421,48,2019-09-05,Lijnbaansgracht 120bg,Amsterdam,VV,Netherlands,1016,7.92,VV
421,422,53,2019-09-07,113 Lupus St,London,,United Kingdom,SW1V 3EN,6.93,Unknown
422,423,21,2019-09-07,801 W 4th Street,Reno,NV,USA,89503,10.89,NV
423,424,35,2019-09-09,"Rua dos Campeões Europeus de Viena, 4350",Porto,,Portugal,Unknown,1.98,Unknown
424,425,14,2019-09-13,8210 111 ST NW,Edmonton,AB,Canada,T6G 2C7,0.99,AB
425,426,37,2019-09-14,Berger Straße 10,Frankfurt,,Germany,60316,4.95,Unknown
426,427,55,2019-09-14,421 Bourke Street,Sidney,NSW,Australia,2010,14.85,NSW
427,428,43,2019-09-17,"68, Rue Jouvence",Dijon,,France,21000,3.96,Unknown
428,429,5,2019-09-17,Klanova 9/506,Prague,,Czech Republic,14700,10.89,Unknown
429,430,55,2019-09-20,421 Bourke Street,Sidney,NSW,Australia,2010,1.98,NSW
430,431,8,2019-09-21,Grétrystraat 63,Brussels,,Belgium,1000,9.9,Unknown
431,432,32,2019-09-23,696 Osborne Street,Winnipeg,MB,Canada,R3L 2B9,1.98,MB
432,433,33,2019-09-24,5112 48 Street,Yellowknife,NT,Canada,X1A 1N6,2.97,NT
433,434,26,2019-09-27,2211 W Berry Street,Fort Worth,TX,USA,76110,9.9,TX
434,435,38,2019-09-28,Barbarossastraße 19,Berlin,,Germany,10779,5.94,Unknown
435,436,17,2019-10-02,1 Microsoft Way,Redmond,WA,USA,98052-8300,5.94,WA
436,437,54,2019-10-02,110 Raeburn Pl,Edinburgh,,United Kingdom,EH4 1HH,9.9,Unknown
437,438,23,2019-10-04,69 Salem Street,Boston,MA,USA,2113,10.89,MA
438,439,11,2019-10-08,"Av. Paulista, 2022",São Paulo,SP,Brazil,01310-200,6.93,SP
439,440,45,2019-10-08,Erzsébet krt. 58.,Budapest,,Hungary,H-1073,2.97,Unknown
440,441,44,2019-10-26,Porthaninkatu 9,Helsinki,,Finland,00530,6.93,Unknown
441,442,1,2019-11-05,"Av. Brigadeiro Faria Lima, 2170",São José dos Campos,SP,Brazil,12227-000,3.96,SP
442,443,20,2019-11-07,541 Del Medio Avenue,Mountain View,CA,USA,94040-111,7.92,CA
443,444,52,2019-11-08,202 Hoxton Street,London,,United Kingdom,N1 5LH,8.91,Unknown
444,445,40,2019-11-11,"8, Rue Hanovre",Paris,,France,75002,3.96,Unknown
445,446,49,2019-11-19,Ordynacka 10,Warsaw,,Poland,00-358,8.91,Unknown
446,447,12,2019-11-23,"Praça Pio X, 119",Rio de Janeiro,RJ,Brazil,20040-020,10.89,RJ
447,448,18,2019-11-27,627 Broadway,New York,NY,USA,10012-2612,9.9,NY
448,449,34,2019-11-27,Rua da Assunção 53,Lisbon,,Portugal,Unknown,16.83,Unknown
449,450,55,2019-12-04,421 Bourke Street,Sidney,NSW,Australia,2010,6.93,NSW
450,451,46,2019-12-13,3 Chatham Street,Dublin,Dublin,Ireland,Unknown,0.99,Dublin
451,452,47,2019-12-18,"Via Degli Scipioni, 43",Rome,RM,Italy,00192,7.92,RM
452,453,31,2019-12-19,194A Chain Lake Drive,Halifax,NS,Canada,B3S 1C5,4.95,NS
453,454,46,2019-12-21,3 Chatham Street,Dublin,Dublin,Ireland,Unknown,14.85,Dublin
454,455,28,2019-12-24,302 S 700 E,Salt Lake City,UT,USA,84102,4.95,UT
455,456,13,2019-12-24,Qe 7 Bloco G,Brasília,DF,Brazil,71020-677,9.9,DF
456,457,37,2019-12-25,Berger Straße 10,Frankfurt,,Germany,60316,14.85,Unknown
457,458,42,2019-12-26,"9, Place Louis Barthou",Bordeaux,,France,33000,0.99,Unknown
458,459,50,2019-12-26,C/ San Bernardo 85,Madrid,,Spain,28015,1.98,Unknown
459,460,20,2019-12-28,541 Del Medio Avenue,Mountain View,CA,USA,94040-111,10.89,CA
460,461,11,2019-12-29,"Av. Paulista, 2022",São Paulo,SP,Brazil,01310-200,7.92,SP
461,462,7,2019-12-29,"Rotenturmstraße 4, 1010 Innere Stadt",Vienne,,Austria,1010,8.91,Unknown
462,463,34,2019-12-30,Rua da Assunção 53,Lisbon,,Portugal,Unknown,11.88,Unknown
463,464,1,2019-12-31,"Av. Brigadeiro Faria Lima, 2170",São José dos Campos,SP,Brazil,12227-000,3.96,SP
464,465,21,2020-01-12,801 W 4th Street,Reno,NV,USA,89503,6.93,NV
465,466,30,2020-01-19,230 Elgin Street,Ottawa,ON,Canada,K2P 1L7,3.96,ON
466,467,5,2020-01-20,Klanova 9/506,Prague,,Czech Republic,14700,9.9,Unknown
467,468,25,2020-01-22,319 N. Frances Street,Madison,WI,USA,53703,15.84,WI
468,469,14,2020-01-28,8210 111 ST NW,Edmonton,AB,Canada,T6G 2C7,0.99,AB
469,470,9,2020-01-29,Sønder Boulevard 51,Copenhagen,,Denmark,1720,1.98,Unknown
470,471,35,2020-01-30,"Rua dos Campeões Europeus de Viena, 4350",Porto,,Portugal,Unknown,0.99,Unknown
471,472,7,2020-01-31,"Rotenturmstraße 4, 1010 Innere Stadt",Vienne,,Austria,1010,2.97,Unknown
472,473,58,2020-02-02,"12,Community Centre",Delhi,,India,110017,3.96,Unknown
473,474,4,2020-02-04,Ullevålsveien 14,Oslo,,Norway,0171,6.93,Unknown
474,475,11,2020-02-06,"Av. Paulista, 2022",São Paulo,SP,Brazil,01310-200,7.92,SP
475,476,6,2020-02-11,Rilská 3174/6,Prague,,Czech Republic,14300,10.89,Unknown
476,477,5,2020-02-15,Klanova 9/506,Prague,,Czech Republic,14700,6.93,Unknown
477,478,28,2020-02-21,302 S 700 E,Salt Lake City,UT,USA,84102,16.83,UT
478,479,46,2020-02-21,3 Chatham Street,Dublin,Dublin,Ireland,Unknown,16.83,Dublin
479,480,44,2020-02-22,Porthaninkatu 9,Helsinki,,Finland,00530,9.9,Unknown
480,481,43,2020-02-25,"68, Rue Jouvence",Dijon,,France,21000,3.96,Unknown
481,482,10,2020-02-26,"Rua Dr. Falcão Filho, 155",São Paulo,SP,Brazil,01007-010,7.92,SP
482,483,15,2020-02-29,700 W Pender Street,Vancouver,BC,Canada,V6C 1G8,4.95,BC
483,484,47,2020-03-02,"Via Degli Scipioni, 43",Rome,RM,Italy,00192,2.97,RM
484,485,37,2020-03-05,Berger Straße 10,Frankfurt,,Germany,60316,9.9,Unknown
485,486,18,2020-03-05,627 Broadway,New York,NY,USA,10012-2612,8.91,NY
486,487,27,2020-03-11,1033 N Park Ave,Tucson,AZ,USA,85719,9.9,AZ
487,488,7,2020-03-13,"Rotenturmstraße 4, 1010 Innere Stadt",Vienne,,Austria,1010,13.86,Unknown
488,489,43,2020-03-14,"68, Rue Jouvence",Dijon,,France,21000,2.97,Unknown
489,490,19,2020-03-14,1 Infinite Loop,Cupertino,CA,USA,95014,8.91,CA
490,491,51,2020-03-24,Celsiusg. 9,Stockholm,,Sweden,11230,1.98,Unknown
491,492,54,2020-03-25,110 Raeburn Pl,Edinburgh,,United Kingdom,EH4 1HH,4.95,Unknown
492,493,41,2020-03-26,"11, Place Bellecour",Lyon,,France,69002,3.96,Unknown
493,494,26,2020-03-31,2211 W Berry Street,Fort Worth,TX,USA,76110,9.9,TX
494,495,10,2020-04-01,"Rua Dr. Falcão Filho, 155",São Paulo,SP,Brazil,01007-010,0.99,SP
495,496,21,2020-04-01,801 W 4th Street,Reno,NV,USA,89503,7.92,NV
496,497,34,2020-04-01,Rua da Assunção 53,Lisbon,,Portugal,Unknown,6.93,Unknown
497,498,13,2020-04-02,Qe 7 Bloco G,Brasília,DF,Brazil,71020-677,3.96,DF
498,499,17,2020-04-03,1 Microsoft Way,Redmond,WA,USA,98052-8300,9.9,WA
499,500,36,2020-04-07,Tauentzienstraße 8,Berlin,,Germany,10789,8.91,Unknown
500,501,11,2020-04-09,"Av. Paulista, 2022",São Paulo,SP,Brazil,01310-200,12.87,SP
501,502,53,2020-04-10,113 Lupus St,London,,United Kingdom,SW1V 3EN,3.96,Unknown
502,503,39,2020-04-11,"4, Rue Milton",Paris,,France,75009,9.9,Unknown
503,504,6,2020-04-12,Rilská 3174/6,Prague,,Czech Republic,14300,10.89,Unknown
504,505,19,2020-04-14,1 Infinite Loop,Cupertino,CA,USA,95014,0.99,CA
505,506,58,2020-04-14,"12,Community Centre",Delhi,,India,110017,15.84,Unknown
506,507,2,2020-04-20,Theodor-Heuss-Straße 34,Stuttgart,,Germany,70174,0.99,Unknown
507,508,38,2020-04-22,Barbarossastraße 19,Berlin,,Germany,10779,8.91,Unknown
508,509,48,2020-04-27,Lijnbaansgracht 120bg,Amsterdam,VV,Netherlands,1016,6.93,VV
509,510,25,2020-04-28,319 N. Frances Street,Madison,WI,USA,53703,9.9,WI
510,511,24,2020-05-01,162 E Superior Street,Chicago,IL,USA,60611,6.93,IL
511,512,43,2020-05-02,"68, Rue Jouvence",Dijon,,France,21000,8.91,Unknown
512,513,41,2020-05-03,"11, Place Bellecour",Lyon,,France,69002,10.89,Unknown
513,514,25,2020-05-14,319 N. Frances Street,Madison,WI,USA,53703,2.97,WI
514,515,23,2020-05-15,69 Salem Street,Boston,MA,USA,2113,2.97,MA
515,516,23,2020-05-16,69 Salem Street,Boston,MA,USA,2113,1.98,MA
516,517,3,2020-05-16,1498 rue Bélanger,Montréal,QC,Canada,H2G 1A7,8.91,QC
517,518,22,2020-05-22,120 S Orange Ave,Orlando,FL,USA,32801,1.98,FL
518,519,32,2020-05-22,696 Osborne Street,Winnipeg,MB,Canada,R3L 2B9,6.93,MB
519,520,5,2020-05-26,Klanova 9/506,Prague,,Czech Republic,14700,9.9,Unknown
520,521,13,2020-05-27,Qe 7 Bloco G,Brasília,DF,Brazil,71020-677,3.96,DF
521,522,22,2020-05-27,120 S Orange Ave,Orlando,FL,USA,32801,7.92,FL
522,523,50,2020-05-29,C/ San Bernardo 85,Madrid,,Spain,28015,7.92,Unknown
523,524,41,2020-06-01,"11, Place Bellecour",Lyon,,France,69002,4.95,Unknown
524,525,30,2020-06-02,230 Elgin Street,Ottawa,ON,Canada,K2P 1L7,9.9,ON
525,526,5,2020-06-08,Klanova 9/506,Prague,,Czech Republic,14700,19.8,Unknown
526,527,57,2020-06-09,"Calle Lira, 198",Santiago,,Chile,Unknown,10.89,Unknown
527,528,50,2020-06-10,C/ San Bernardo 85,Madrid,,Spain,28015,15.84,Unknown
528,529,24,2020-06-12,162 E Superior Street,Chicago,IL,USA,60611,13.86,IL
529,530,14,2020-06-22,8210 111 ST NW,Edmonton,AB,Canada,T6G 2C7,0.99,AB
530,531,44,2020-06-22,Porthaninkatu 9,Helsinki,,Finland,00530,11.88,Unknown
531,532,13,2020-06-23,Qe 7 Bloco G,Brasília,DF,Brazil,71020-677,13.86,DF
532,533,11,2020-06-24,"Av. Paulista, 2022",São Paulo,SP,Brazil,01310-200,12.87,SP
533,534,10,2020-06-25,"Rua Dr. Falcão Filho, 155",São Paulo,SP,Brazil,01007-010,5.94,SP
534,535,56,2020-07-05,307 Macacha Güemes,Buenos Aires,,Argentina,1106,0.99,Unknown
535,536,1,2020-07-06,"Av. Brigadeiro Faria Lima, 2170",São José dos Campos,SP,Brazil,12227-000,5.94,SP
536,537,12,2020-07-07,"Praça Pio X, 119",Rio de Janeiro,RJ,Brazil,20040-020,7.92,RJ
537,538,31,2020-07-10,194A Chain Lake Drive,Halifax,NS,Canada,B3S 1C5,8.91,NS
538,539,46,2020-07-12,3 Chatham Street,Dublin,Dublin,Ireland,Unknown,0.99,Dublin
539,540,37,2020-07-12,Berger Straße 10,Frankfurt,,Germany,60316,10.89,Unknown
540,541,58,2020-07-15,"12,Community Centre",Delhi,,India,110017,2.97,Unknown
541,542,34,2020-07-18,Rua da Assunção 53,Lisbon,,Portugal,Unknown,10.89,Unknown
542,543,17,2020-07-23,1 Microsoft Way,Redmond,WA,USA,98052-8300,2.97,WA
543,544,1,2020-07-24,"Av. Brigadeiro Faria Lima, 2170",São José dos Campos,SP,Brazil,12227-000,8.91,SP
544,545,33,2020-07-26,5112 48 Street,Yellowknife,NT,Canada,X1A 1N6,7.92,NT
545,546,32,2020-07-30,696 Osborne Street,Winnipeg,MB,Canada,R3L 2B9,6.93,MB
546,547,41,2020-08-01,"11, Place Bellecour",Lyon,,France,69002,9.9,Unknown
547,548,30,2020-08-02,230 Elgin Street,Ottawa,ON,Canada,K2P 1L7,10.89,ON
548,549,2,2020-08-10,Theodor-Heuss-Straße 34,Stuttgart,,Germany,70174,10.89,Unknown
549,550,42,2020-08-12,"9, Place Louis Barthou",Bordeaux,,France,33000,9.9,Unknown
550,551,16,2020-08-18,1600 Amphitheatre Parkway,Mountain View,CA,USA,94043-1351,10.89,CA
551,552,30,2020-08-19,230 Elgin Street,Ottawa,ON,Canada,K2P 1L7,5.94,ON
552,553,7,2020-08-26,"Rotenturmstraße 4, 1010 Innere Stadt",Vienne,,Austria,1010,4.95,Unknown
553,554,30,2020-08-27,230 Elgin Street,Ottawa,ON,Canada,K2P 1L7,8.91,ON
554,555,55,2020-09-04,421 Bourke Street,Sidney,NSW,Australia,2010,1.98,NSW
555,556,21,2020-09-04,801 W 4th Street,Reno,NV,USA,89503,10.89,NV
556,557,2,2020-09-08,Theodor-Heuss-Straße 34,Stuttgart,,Germany,70174,9.9,Unknown
557,558,17,2020-09-11,1 Microsoft Way,Redmond,WA,USA,98052-8300,10.89,WA
558,559,32,2020-09-11,696 Osborne Street,Winnipeg,MB,Canada,R3L 2B9,5.94,MB
559,560,5,2020-09-11,Klanova 9/506,Prague,,Czech Republic,14700,8.91,Unknown
560,561,23,2020-09-12,69 Salem Street,Boston,MA,USA,2113,6.93,MA
561,562,27,2020-09-17,1033 N Park Ave,Tucson,AZ,USA,85719,8.91,AZ
562,563,5,2020-09-19,Klanova 9/506,Prague,,Czech Republic,14700,1.98,Unknown
563,564,15,2020-09-20,700 W Pender Street,Vancouver,BC,Canada,V6C 1G8,5.94,BC
564,565,53,2020-09-23,113 Lupus St,London,,United Kingdom,SW1V 3EN,9.9,Unknown
565,566,37,2020-09-27,Berger Straße 10,Frankfurt,,Germany,60316,4.95,Unknown
566,567,15,2020-09-27,700 W Pender Street,Vancouver,BC,Canada,V6C 1G8,7.92,BC
567,568,35,2020-10-01,"Rua dos Campeões Europeus de Viena, 4350",Porto,,Portugal,Unknown,6.93,Unknown
568,569,47,2020-10-06,"Via Degli Scipioni, 43",Rome,RM,Italy,00192,0.99,RM
569,570,52,2020-10-07,202 Hoxton Street,London,,United Kingdom,N1 5LH,2.97,Unknown
570,571,51,2020-10-09,Celsiusg. 9,Stockholm,,Sweden,11230,2.97,Unknown
571,572,34,2020-10-13,Rua da Assunção 53,Lisbon,,Portugal,Unknown,4.95,Unknown
572,573,27,2020-10-16,1033 N Park Ave,Tucson,AZ,USA,85719,10.89,AZ
573,574,49,2020-10-17,Ordynacka 10,Warsaw,,Poland,00-358,10.89,Unknown
574,575,15,2020-10-19,700 W Pender Street,Vancouver,BC,Canada,V6C 1G8,3.96,BC
575,576,45,2020-10-19,Erzsébet krt. 58.,Budapest,,Hungary,H-1073,5.94,Unknown
576,577,28,2020-10-20,302 S 700 E,Salt Lake City,UT,USA,84102,8.91,UT
577,578,25,2020-10-21,319 N. Frances Street,Madison,WI,USA,53703,11.88,WI
578,579,6,2020-10-23,Rilská 3174/6,Prague,,Czech Republic,14300,10.89,Unknown
579,580,24,2020-10-25,162 E Superior Street,Chicago,IL,USA,60611,9.9,IL
580,581,32,2020-10-26,696 Osborne Street,Winnipeg,MB,Canada,R3L 2B9,13.86,MB
581,582,5,2020-10-30,Klanova 9/506,Prague,,Czech Republic,14700,17.82,Unknown
582,583,22,2020-10-30,120 S Orange Ave,Orlando,FL,USA,32801,10.89,FL
583,584,30,2020-10-31,230 Elgin Street,Ottawa,ON,Canada,K2P 1L7,0.99,ON
584,585,40,2020-10-31,"8, Rue Hanovre",Paris,,France,75002,8.91,Unknown
585,586,55,2020-11-01,421 Bourke Street,Sidney,NSW,Australia,2010,10.89,NSW
586,587,12,2020-11-07,"Praça Pio X, 119",Rio de Janeiro,RJ,Brazil,20040-020,1.98,RJ
587,588,5,2020-11-12,Klanova 9/506,Prague,,Czech Republic,14700,0.99,Unknown
588,589,41,2020-11-12,"11, Place Bellecour",Lyon,,France,69002,10.89,Unknown
589,590,51,2020-11-17,Celsiusg. 9,Stockholm,,Sweden,11230,8.91,Unknown
590,591,16,2020-11-20,1600 Amphitheatre Parkway,Mountain View,CA,USA,94043-1351,6.93,CA
591,592,2,2020-11-21,Theodor-Heuss-Straße 34,Stuttgart,,Germany,70174,7.92,Unknown
592,593,12,2020-11-23,"Praça Pio X, 119",Rio de Janeiro,RJ,Brazil,20040-020,10.89,RJ
593,594,31,2020-11-24,194A Chain Lake Drive,Halifax,NS,Canada,B3S 1C5,2.97,NS
594,595,23,2020-11-27,69 Salem Street,Boston,MA,USA,2113,7.92,MA
595,596,42,2020-11-27,"9, Place Louis Barthou",Bordeaux,,France,33000,5.94,Unknown
596,597,13,2020-11-28,Qe 7 Bloco G,Brasília,DF,Brazil,71020-677,6.93,DF
597,598,26,2020-12-04,2211 W Berry Street,Fort Worth,TX,USA,76110,4.95,TX
598,599,59,2020-12-06,"3,Raj Bhavan Road",Bangalore,,India,560001,7.92,Unknown
599,600,29,2020-12-08,796 Dundas Street West,Toronto,ON,Canada,M6J 1V1,4.95,ON
600,601,44,2020-12-08,Porthaninkatu 9,Helsinki,,Finland,00530,10.89,Unknown
601,602,21,2020-12-09,801 W 4th Street,Reno,NV,USA,89503,6.93,NV
602,603,26,2020-12-10,2211 W Berry Street,Fort Worth,TX,USA,76110,4.95,TX
603,604,46,2020-12-12,3 Chatham Street,Dublin,Dublin,Ireland,Unknown,17.82,Dublin
604,605,35,2020-12-17,"Rua dos Campeões Europeus de Viena, 4350",Porto,,Portugal,Unknown,3.96,Unknown
605,606,15,2020-12-18,700 W Pender Street,Vancouver,BC,Canada,V6C 1G8,11.88,BC
606,607,59,2020-12-19,"3,Raj Bhavan Road",Bangalore,,India,560001,4.95,Unknown
607,608,49,2020-12-20,Ordynacka 10,Warsaw,,Poland,00-358,0.99,Unknown
608,609,14,2020-12-20,8210 111 ST NW,Edmonton,AB,Canada,T6G 2C7,2.97,AB
609,610,55,2020-12-21,421 Bourke Street,Sidney,NSW,Australia,2010,6.93,NSW
610,611,52,2020-12-27,202 Hoxton Street,London,,United Kingdom,N1 5LH,1.98,Unknown
611,612,33,2020-12-27,5112 48 Street,Yellowknife,NT,Canada,X1A 1N6,11.88,NT
612,613,20,2020-12-29,541 Del Medio Avenue,Mountain View,CA,USA,94040-111,8.91,CA
613,614,53,2020-12-30,113 Lupus St,London,,United Kingdom,SW1V 3EN,12.87,Unknown
